Doświadczenie:,Infolinia:,Obsługa klienta:,Overqualified:,Inne:
doświadczenie,call-center,customer care,oversee,nauczyciel
experience,call center,customer service,overseeing,kucharz
,callcenter,sales person,boss,marketing
,telephone service,obsługa klienta,senior,marketing internetowy
,słuchawka,kelner,executive,reklama
,na słuchawce,obsługa kelnerska,dyrektor,kucharz
,telefoniczny,recepcjonista,prawnik,sprzątaczka
,telefoniczna,recepcjonistka,lekarz,sprzątanie
,voice,obsługa recepcji,adwokat,księgowa
,voice-picker,doradztwo,prawna,księgowy
,voice picker,doradztwo dla klientów,programista,biurowa
,telefoniczna obsługa klienta,sales representative,,analityk
,tele,sales ,,analyst
,obsługa linii,sprzedawca,,researcher
,telefonicznej obsługi klienta,bar,,magazynier
,telefoniczna obsługa,za barem,,kierowca
,obsługa telefonów,barman,,kurier
,telefoniczne ,barmanka,,spedytor
,opieka telefoniczna,barista,,dziennikarz
,reklamacja,baristka,,mechanik
,dział reklamacji,kasa,,księgowość
,prowadzenie rozmów,na kasie,,poczta
,rozmów,przy kasie,,
,rozmowy,kasjer,,
,rozmowy telefoniczne,kasjerka,,
,telefoniczny,przedstawiciel ,,
,przychodzące,z klientem,,
,wychodzące,klient,,
,hotline,doradzanie,,
,gorąca linia,kasowa,,
,słuchawce,obsługa kasowa,,
,telefoniczna,konsumenta,,
,orderpicker,chat,,
,,chatu,,
,,obsługa chatu,,
,,korespondencja ,,
,,korespondencja z klientem,,
,,przedstawiciel handlowy,,
,,bok,,
,,korepetycje,,
,,korepetytor,,
,,waiter,,
,,waitress,,
,,sommelier,,
,,kosmetyczka,,
,,fryzjerka,,
,,fryzjer,,
,,restauracja,,
,,kawiarnia,,
,,punkt obsługi klienta,,
,,pok,,
,,kontakt z klientem,,
,,taxi,,
,,taksówka,,
,,taksówki,,
,,uber,,
,,bolt,,
,,freenow,,
